0,0,0,0,0,0
0,0,0,0,0,0
1.3263e-23,0.00064309,-0.00071842,7.5327e-05,3.4604e-23,3.4832e-20
-4.1072e-08,0.0019293,-0.0021553,0.00022597,-4.1072e-08,1.3774e-08
-2.875e-07,0.0038586,-0.0043105,0.00045186,-2.875e-07,9.6419e-08
-1.0268e-06,0.0064309,-0.0071842,0.0007529,-1.0268e-06,3.4435e-07
-2.6696e-06,0.0096463,-0.010776,0.0011289,-2.6696e-06,8.9531e-07
-5.75e-06,0.013505,-0.015086,0.0015795,-5.75e-06,1.9283e-06
-1.0925e-05,0.018006,-0.020114,0.0021043,-1.0925e-05,3.6637e-06
-1.8974e-05,0.02315,-0.025859,0.0027026,-1.8974e-05,6.3628e-06
-3.0801e-05,0.028937,-0.03232,0.0033734,-3.0801e-05,1.0328e-05
-4.7432e-05,0.035365,-0.039496,0.0041154,-4.7432e-05,1.5903e-05
-7.0014e-05,0.042435,-0.047385,0.0049269,-7.0014e-05,2.3471e-05
-9.9816e-05,0.050145,-0.055984,0.0058056,-9.9816e-05,3.3456e-05
-0.00013823,0.058495,-0.06529,0.0067486,-0.00013823,4.632e-05
-0.00018677,0.067483,-0.075297,0.0077521,-0.00018677,6.2565e-05
-0.00024706,0.077107,-0.086001,0.0088117,-0.00024706,8.2729e-05
-0.00032085,0.087365,-0.097394,0.0099218,-0.00032085,0.00010739
-0.00041001,0.098254,-0.10947,0.011076,-0.00041001,0.00013714
-0.00051651,0.10977,-0.12221,0.012266,-0.00051651,0.00017264
-0.00064244,0.12191,-0.13561,0.013482,-0.00064244,0.00021455
-0.00079,0.13467,-0.14965,0.014715,-0.00079,0.00026357
-0.00096148,0.14805,-0.16432,0.015951,-0.00096148,0.00032041
-0.0011593,0.16203,-0.1796,0.017176,-0.0011593,0.00038582
-0.0013859,0.17662,-0.19546,0.018374,-0.0013859,0.00046054
-0.001644,0.1918,-0.21187,0.019528,-0.001644,0.00054534
-0.0019362,0.20757,-0.22882,0.020616,-0.0019362,0.00064099
-0.0022652,0.22391,-0.24628,0.021619,-0.0022652,0.00074826
-0.002634,0.24082,-0.2642,0.02251,-0.002634,0.00086792
-0.0030454,0.25828,-0.28255,0.023265,-0.0030454,0.0010007
-0.0035025,0.27629,-0.30129,0.023855,-0.0035025,0.0011474
-0.0040082,0.29482,-0.32038,0.024251,-0.0040082,0.0013087
-0.0045659,0.31387,-0.33978,0.024419,-0.0045659,0.0014854
-0.0051785,0.33343,-0.35943,0.024326,-0.0051785,0.001678
-0.0058495,0.35347,-0.3793,0.023938,-0.0058495,0.0018873
-0.0065821,0.37398,-0.39931,0.023217,-0.0065821,0.0021138
-0.0073798,0.39495,-0.41943,0.022124,-0.0073798,0.0023581
-0.0082461,0.41636,-0.4396,0.020622,-0.008246,0.0026208
-0.0091844,0.43819,-0.45976,0.018668,-0.0091844,0.0029024
-0.010199,0.46042,-0.47984,0.016223,-0.010199,0.0032033
-0.011292,0.48304,-0.49981,0.013245,-0.011292,0.003524
-0.012469,0.50602,-0.51958,0.0096909,-0.012469,0.003865
-0.013733,0.52936,-0.5391,0.0055195,-0.013733,0.0042265
-0.015089,0.55302,-0.55832,0.0006883,-0.015089,0.0046089
-0.01654,0.577,-0.57717,-0.0048449,-0.01654,0.0050127
-0.018092,0.60127,-0.59559,-0.011122,-0.018092,0.005438
-0.019748,0.62582,-0.61352,-0.018184,-0.019748,0.0058854
-0.021513,0.65062,-0.6309,-0.026073,-0.021513,0.006355
-0.023392,0.67565,-0.64767,-0.034828,-0.023392,0.0068472
-0.025391,0.7009,-0.66377,-0.04449,-0.025391,0.0073623
-0.027515,0.72634,-0.67914,-0.055096,-0.027515,0.0079008
-0.029769,0.75195,-0.69373,-0.066685,-0.029768,0.0084629
-0.032159,0.77771,-0.70747,-0.079293,-0.032158,0.0090491
-0.034691,0.8036,-0.72031,-0.092955,-0.034691,0.0096599
-0.037372,0.82959,-0.73218,-0.10771,-0.037372,0.010296
-0.040209,0.85566,-0.74304,-0.12358,-0.040208,0.010957
-0.043208,0.88179,-0.75283,-0.14061,-0.043208,0.011645
-0.046378,0.90794,-0.76149,-0.15882,-0.046377,0.012359
-0.049725,0.9341,-0.76897,-0.17825,-0.049724,0.013101
-0.053259,0.96024,-0.77521,-0.19891,-0.053258,0.01387
-0.056989,0.98631,-0.78016,-0.22085,-0.056987,0.014669
-0.060923,1.0123,-0.78376,-0.24407,-0.060921,0.015498
-0.065071,1.0382,-0.78596,-0.26861,-0.065069,0.016357
-0.069445,1.0639,-0.78671,-0.29448,-0.069443,0.017248
-0.074055,1.0894,-0.78596,-0.3217,-0.074052,0.018172
-0.078914,1.1148,-0.78366,-0.3503,-0.078911,0.019129
-0.084035,1.1398,-0.77975,-0.38028,-0.084031,0.020121
-0.089432,1.1646,-0.7742,-0.41166,-0.089427,0.021148
-0.09512,1.1891,-0.76695,-0.44445,-0.095115,0.022212
-0.10112,1.2132,-0.75795,-0.47866,-0.10111,0.023315
-0.10744,1.2369,-0.74717,-0.5143,-0.10743,0.024455
-0.11411,1.2601,-0.73456,-0.55137,-0.1141,0.025636
-0.12115,1.2829,-0.72009,-0.58988,-0.12114,0.026856
-0.12858,1.3052,-0.70371,-0.62983,-0.12857,0.028118
-0.13644,1.3269,-0.68539,-0.67122,-0.13643,0.029421
-0.14475,1.3481,-0.66511,-0.71404,-0.14473,0.030765
-0.15355,1.3686,-0.64284,-0.75829,-0.15353,0.032151
-0.16287,1.3886,-0.61858,-0.80396,-0.16284,0.033577
-0.17276,1.4078,-0.5923,-0.85104,-0.17273,0.035044
-0.18326,1.4264,-0.56402,-0.8995,-0.18323,0.036548
-0.19443,1.4443,-0.53374,-0.94932,-0.1944,0.038088
-0.20633,1.4615,-0.50149,-1.0005,-0.20629,0.03966
-0.21901,1.4781,-0.46732,-1.0529,-0.21896,0.041262
-0.23254,1.494,-0.43129,-1.1066,-0.23248,0.042886
-0.24697,1.5092,-0.39348,-1.1615,-0.24691,0.044528
-0.26237,1.5238,-0.35399,-1.2174,-0.26229,0.04618
-0.27877,1.5378,-0.31295,-1.2744,-0.27868,0.047833
-0.29618,1.5514,-0.27048,-1.3324,-0.29607,0.049477
-0.31458,1.5644,-0.22674,-1.3912,-0.31446,0.051102
-0.33389,1.5771,-0.18187,-1.4507,-0.33375,0.052699
-0.35395,1.5894,-0.13601,-1.5108,-0.35379,0.054256
-0.37453,1.6013,-0.089277,-1.5715,-0.37434,0.055768
-0.39534,1.6129,-0.041764,-1.6326,-0.39512,0.05723
-0.41601,1.6242,0.0064323,-1.6942,-0.41576,0.05864
-0.4362,1.6352,0.055206,-1.756,-0.43593,0.059999
-0.45562,1.646,0.10441,-1.818,-0.45532,0.061311
-0.47402,1.6566,0.15385,-1.88,-0.47369,0.062578
-0.49129,1.6671,0.20327,-1.9419,-0.49092,0.063803
-0.50736,1.6776,0.25236,-2.0034,-0.50697,0.064986
-0.52227,1.6884,0.30082,-2.0645,-0.52185,0.066128
-0.53608,1.6994,0.34833,-2.1249,-0.53563,0.067226
-0.54888,1.7109,0.3946,-2.1844,-0.5484,0.068279
-0.56075,1.7229,0.43937,-2.243,-0.56025,0.069285
-0.5718,1.7355,0.48245,-2.3004,-0.57128,0.070243
-0.58212,1.7489,0.52366,-2.3565,-0.58158,0.071152
-0.59178,1.763,0.56288,-2.4114,-0.59121,0.072011
-0.60085,1.7778,0.60003,-2.4648,-0.60026,0.072822
-0.60938,1.7935,0.63505,-2.5169,-0.60877,0.073584
-0.61744,1.8099,0.6679,-2.5676,-0.61681,0.074299
-0.62505,1.8271,0.69858,-2.6167,-0.6244,0.074968
-0.63227,1.8451,0.72709,-2.6645,-0.6316,0.075593
-0.63912,1.8638,0.75345,-2.7107,-0.63843,0.076176
-0.64562,1.8832,0.77767,-2.7555,-0.64492,0.076719
-0.65181,1.9033,0.79979,-2.7988,-0.65109,0.077224
-0.6577,1.9241,0.81986,-2.8406,-0.65696,0.077694
-0.66331,1.9454,0.8379,-2.8809,-0.66255,0.078131
-0.66865,1.9673,0.85397,-2.9198,-0.66788,0.078537
-0.67375,1.9897,0.86812,-2.9572,-0.67296,0.078913
-0.6786,2.0126,0.88038,-2.9932,-0.6778,0.079263
-0.68323,2.0359,0.89081,-3.0277,-0.68241,0.079588
-0.68764,2.0596,0.89946,-3.0608,-0.6868,0.07989
-0.69183,2.0837,0.90638,-3.0925,-0.69099,0.080171
-0.69583,2.108,0.91162,-3.1227,-0.69498,0.080433
-0.69964,2.1326,0.91524,-3.1516,-0.69877,0.080678
-0.70325,2.1574,0.91729,-3.1791,-0.70238,0.080907
-0.70669,2.1824,0.91782,-3.2052,-0.7058,0.081121
-0.70996,2.2076,0.91688,-3.2299,-0.70906,0.081321
-0.71306,2.2328,0.91453,-3.2533,-0.71215,0.08151
-0.71599,2.2581,0.91083,-3.2755,-0.71508,0.081688
-0.71878,2.2835,0.90581,-3.2963,-0.71785,0.081856
-0.72141,2.3089,0.89955,-3.3158,-0.72048,0.082014
-0.7239,2.3342,0.8921,-3.3341,-0.72296,0.082165
-0.72625,2.3595,0.8835,-3.3513,-0.7253,0.082308
-0.72846,2.3847,0.87381,-3.3672,-0.72751,0.082443
-0.73054,2.4098,0.86308,-3.3819,-0.72959,0.082573
-0.73251,2.4348,0.85137,-3.3956,-0.73154,0.082696
-0.73435,2.4597,0.83874,-3.4081,-0.73338,0.082814
-0.73607,2.4843,0.82523,-3.4195,-0.7351,0.082926
-0.73769,2.5088,0.8109,-3.43,-0.73671,0.083033
-0.7392,2.533,0.7958,-3.4394,-0.73822,0.083135
-0.7406,2.5571,0.77998,-3.4479,-0.73962,0.083232
-0.74191,2.5808,0.7635,-3.4554,-0.74093,0.083325
-0.74312,2.6043,0.74641,-3.4621,-0.74214,0.083413
-0.74425,2.6275,0.72876,-3.4678,-0.74326,0.083497
-0.74528,2.6504,0.71061,-3.4728,-0.7443,0.083576
-0.74624,2.673,0.69201,-3.477,-0.74525,0.08365
-0.74711,2.6953,0.673,-3.4804,-0.74613,0.08372
-0.74791,2.7172,0.65365,-3.4832,-0.74693,0.083786
-0.74863,2.7388,0.634,-3.4852,-0.74765,0.083846
-0.74929,2.7599,0.61411,-3.4866,-0.74831,0.083903
-0.74988,2.7807,0.59402,-3.4874,-0.7489,0.083954
-0.7504,2.8011,0.57379,-3.4877,-0.74942,0.084001
-0.75087,2.8211,0.55347,-3.4875,-0.74989,0.084043
-0.75127,2.8406,0.5331,-3.4867,-0.7503,0.08408
-0.75162,2.8597,0.51275,-3.4855,-0.75065,0.084113
-0.75192,2.8783,0.49245,-3.4839,-0.75096,0.084141
-0.75217,2.8965,0.47225,-3.4819,-0.75121,0.084164
-0.75238,2.9141,0.4522,-3.4796,-0.75142,0.084182
-0.75254,2.9313,0.43235,-3.477,-0.75158,0.084196
-0.75265,2.948,0.41274,-3.4741,-0.7517,0.084206
-0.75273,2.9642,0.39341,-3.4709,-0.75179,0.084211
-0.75278,2.9798,0.37441,-3.4675,-0.75183,0.084211
-0.75278,2.9949,0.35576,-3.4639,-0.75184,0.084207
-0.75276,3.0094,0.33751,-3.4602,-0.75183,0.0842
-0.75271,3.0234,0.3197,-3.4564,-0.75178,0.084188
-0.75263,3.0368,0.30236,-3.4524,-0.7517,0.084173
-0.75252,3.0496,0.28551,-3.4483,-0.7516,0.084154
-0.7524,3.0619,0.26918,-3.4442,-0.75148,0.084132
-0.75225,3.0735,0.25341,-3.44,-0.75134,0.084107
-0.75208,3.0845,0.23821,-3.4358,-0.75118,0.084078
-0.7519,3.095,0.22361,-3.4315,-0.751,0.084048
-0.7517,3.1048,0.20963,-3.4273,-0.75081,0.084014
-0.7515,3.114,0.19628,-3.4231,-0.75061,0.083979
-0.75127,3.1226,0.18357,-3.4189,-0.75039,0.083941
-0.75104,3.1305,0.17153,-3.4147,-0.75017,0.083901
-0.75081,3.1379,0.16016,-3.4106,-0.74994,0.08386
-0.75056,3.1446,0.14947,-3.4065,-0.7497,0.083818
-0.75031,3.1506,0.13948,-3.4025,-0.74946,0.083774
-0.75006,3.1561,0.13018,-3.3985,-0.74921,0.083729
-0.7498,3.1608,0.12158,-3.3946,-0.74896,0.083683
-0.74955,3.165,0.1137,-3.3908,-0.74871,0.083637
-0.74929,3.1685,0.10652,-3.387,-0.74845,0.08359
-0.74903,3.1714,0.10006,-3.3833,-0.7482,0.083542
-0.74877,3.1736,0.094314,-3.3797,-0.74795,0.083495
-0.74852,3.1752,0.089288,-3.3762,-0.7477,0.083446
-0.74826,3.1761,0.084981,-3.3727,-0.74745,0.083398
-0.74801,3.1764,0.081393,-3.3693,-0.7472,0.083349
-0.74775,3.1761,0.078526,-3.366,-0.74695,0.083301
-0.7475,3.1751,0.07638,-3.3628,-0.74671,0.083252
-0.74726,3.1734,0.074953,-3.3596,-0.74647,0.083203
-0.74701,3.1712,0.074246,-3.3565,-0.74623,0.083154
-0.74676,3.1682,0.074258,-3.3535,-0.74599,0.083105
-0.74652,3.1647,0.074988,-3.3506,-0.74575,0.083055
-0.74628,3.1605,0.076435,-3.3477,-0.74551,0.083006
-0.74603,3.1556,0.078598,-3.3449,-0.74527,0.082955
-0.74578,3.1501,0.081475,-3.3422,-0.74503,0.082905
-0.74554,3.144,0.085063,-3.3396,-0.74479,0.082854
-0.74528,3.1372,0.089361,-3.337,-0.74454,0.082802
-0.74503,3.1298,0.094365,-3.3345,-0.74429,0.082748
-0.74477,3.1218,0.10007,-3.3321,-0.74403,0.082694
-0.7445,3.1131,0.10648,-3.3297,-0.74377,0.082639
-0.74422,3.1038,0.11357,-3.3273,-0.7435,0.082582
-0.74393,3.0938,0.12135,-3.3251,-0.74321,0.082523
-0.74363,3.0832,0.12981,-3.3228,-0.74292,0.082461
-0.74331,3.072,0.13894,-3.3206,-0.74261,0.082398
-0.74298,3.0602,0.14873,-3.3184,-0.74228,0.082332
-0.74263,3.0477,0.15916,-3.3163,-0.74194,0.082263
-0.74226,3.0346,0.17023,-3.3141,-0.74157,0.08219
-0.74186,3.0209,0.18191,-3.3119,-0.74118,0.082114
-0.74144,3.0067,0.19418,-3.3098,-0.74077,0.082034
-0.74099,2.9918,0.20703,-3.3075,-0.74032,0.081949
-0.74051,2.9763,0.22044,-3.3053,-0.73985,0.08186
-0.73999,2.9602,0.23437,-3.303,-0.73934,0.081766
-0.73944,2.9435,0.24879,-3.3005,-0.7388,0.081666
-0.73885,2.9263,0.26369,-3.298,-0.73821,0.081561
-0.73822,2.9085,0.27902,-3.2953,-0.73759,0.081449
-0.73754,2.8902,0.29474,-3.2925,-0.73691,0.08133
-0.73681,2.8713,0.31082,-3.2895,-0.73619,0.081205
-0.73602,2.852,0.32722,-3.2862,-0.73541,0.081073
-0.73518,2.8321,0.34388,-3.2827,-0.73458,0.080932
-0.73428,2.8117,0.36077,-3.2789,-0.73369,0.080784
-0.73332,2.7908,0.37783,-3.2748,-0.73274,0.080628
-0.73229,2.7695,0.39501,-3.2704,-0.73172,0.080463
-0.73119,2.7477,0.41226,-3.2655,-0.73063,0.080289
-0.73002,2.7255,0.42952,-3.2602,-0.72946,0.080105
-0.72876,2.7029,0.44674,-3.2544,-0.72821,0.079912
-0.72742,2.6799,0.46385,-3.2482,-0.72689,0.07971
-0.726,2.6566,0.4808,-3.2413,-0.72547,0.079497
-0.72448,2.6329,0.49752,-3.2339,-0.72397,0.079274
-0.72286,2.6088,0.51397,-3.2258,-0.72236,0.07904
-0.72115,2.5844,0.53006,-3.217,-0.72066,0.078796
-0.71933,2.5598,0.54575,-3.2076,-0.71885,0.07854
-0.7174,2.5349,0.56097,-3.1973,-0.71693,0.078273
-0.71535,2.5097,0.57565,-3.1863,-0.71489,0.077994
-0.71317,2.4843,0.58974,-3.1744,-0.71273,0.077703
-0.71087,2.4586,0.60318,-3.1616,-0.71045,0.0774
-0.70844,2.4329,0.6159,-3.1479,-0.70803,0.077084
-0.70586,2.4069,0.62783,-3.1332,-0.70547,0.076755
-0.70314,2.3808,0.63893,-3.1175,-0.70276,0.076412
-0.70026,2.3546,0.64913,-3.1008,-0.6999,0.076055
-0.69722,2.3283,0.65836,-3.083,-0.69687,0.075684
-0.69401,2.302,0.66658,-3.0641,-0.69368,0.075297
-0.69063,2.2756,0.67372,-3.0441,-0.6903,0.074895
-0.68705,2.2492,0.67973,-3.0229,-0.68674,0.074476
-0.68327,2.2229,0.68455,-3.0005,-0.68299,0.07404
-0.67929,2.1966,0.68811,-2.9769,-0.67902,0.073586
-0.67508,2.1704,0.69038,-2.952,-0.67483,0.073112
-0.67065,2.1443,0.69129,-2.9258,-0.67042,0.072619
-0.66597,2.1183,0.6908,-2.8984,-0.66576,0.072104
-0.66103,2.0926,0.68885,-2.8696,-0.66084,0.071567
-0.65581,2.067,0.68538,-2.8396,-0.65564,0.071007
-0.65031,2.0417,0.68037,-2.8081,-0.65016,0.070421
-0.64449,2.0167,0.67375,-2.7753,-0.64436,0.069809
-0.63834,1.992,0.6655,-2.7412,-0.63824,0.06917
-0.63184,1.9677,0.65556,-2.7056,-0.63176,0.068501
-0.62496,1.9437,0.6439,-2.6687,-0.6249,0.067801
-0.61766,1.9201,0.63049,-2.6304,-0.61763,0.067069
-0.60993,1.897,0.6153,-2.5907,-0.60992,0.066303
-0.60172,1.8744,0.59832,-2.5496,-0.60174,0.065502
-0.59299,1.8522,0.57952,-2.5071,-0.59304,0.064663
-0.5837,1.8306,0.55889,-2.4633,-0.58377,0.063785
-0.57379,1.8094,0.53645,-2.4182,-0.57389,0.062868
-0.5632,1.7889,0.51221,-2.3717,-0.56333,0.061908
-0.55187,1.7688,0.48619,-2.3239,-0.55202,0.060906
-0.53971,1.7493,0.45844,-2.2749,-0.5399,0.05986
-0.52665,1.7303,0.42903,-2.2247,-0.52686,0.058769
-0.51258,1.7119,0.39803,-2.1733,-0.51283,0.057632
-0.49741,1.6939,0.36555,-2.1209,-0.49769,0.056448
-0.48103,1.6763,0.33174,-2.0675,-0.48133,0.055217
-0.46332,1.6591,0.29673,-2.0133,-0.46366,0.053938
-0.44419,1.6421,0.2607,-1.9582,-0.44456,0.052609
-0.42357,1.6254,0.22385,-1.9026,-0.42397,0.051228
-0.40142,1.6089,0.18635,-1.8464,-0.40186,0.049793
-0.37779,1.5924,0.14837,-1.7897,-0.37826,0.048299
-0.35282,1.576,0.11003,-1.7328,-0.35333,0.046741
-0.32679,1.5597,0.071409,-1.6756,-0.32733,0.045113
-0.30008,1.5434,0.032496,-1.6182,-0.30065,0.043409
-0.27321,1.5273,-0.0067622,-1.5605,-0.2738,0.041626
-0.2467,1.5114,-0.046447,-1.5027,-0.24732,0.039764
-0.22107,1.4957,-0.086616,-1.4446,-0.22172,0.037827
-0.19674,1.4803,-0.12726,-1.3863,-0.19741,0.035826
-0.17397,1.4652,-0.16829,-1.3279,-0.17466,0.033774
-0.1529,1.4503,-0.20952,-1.2695,-0.15361,0.031686
-0.13354,1.4355,-0.25072,-1.2112,-0.13426,0.029579
-0.11581,1.4207,-0.29158,-1.1534,-0.11655,0.027469
-0.099601,1.4058,-0.33183,-1.096,-0.10036,0.025369
-0.084765,1.3906,-0.37119,-1.0393,-0.085534,0.023292
-0.071158,1.3751,-0.40939,-0.9835,-0.071939,0.021247
-0.058641,1.3591,-0.44623,-0.92864,-0.059434,0.019242
-0.047089,1.3426,-0.48152,-0.87487,-0.047893,0.017284
-0.03639,1.3255,-0.51513,-0.82227,-0.037206,0.015376
-0.02645,1.3079,-0.54694,-0.77092,-0.027277,0.013522
-0.017184,1.2896,-0.57688,-0.72088,-0.018021,0.011724
-0.0085218,1.2706,-0.60488,-0.67218,-0.0093699,0.0099832
-0.00040305,1.2511,-0.63093,-0.62487,-0.0012617,0.0083002
0.0072241,1.2309,-0.655,-0.57897,0.006355,0.0066747
0.014404,1.21,-0.67709,-0.53449,0.013524,0.0051061
0.021174,1.1886,-0.69721,-0.49145,0.020284,0.0035933
0.027567,1.1667,-0.71538,-0.44985,0.026667,0.0021353
0.033612,1.1442,-0.73163,-0.4097,0.032701,0.00073041
0.039332,1.1212,-0.74599,-0.37099,0.038411,-0.00062291
0.04475,1.0978,-0.75849,-0.33373,0.043819,-0.0019264
0.049885,1.0739,-0.76918,-0.29791,0.048943,-0.0031819
0.054753,1.0496,-0.77809,-0.26352,0.0538,-0.0043912
0.059369,1.025,-0.78528,-0.23055,0.058406,-0.0055562
0.063746,1.0001,-0.79079,-0.19899,0.062773,-0.0066786
0.067898,0.97493,-0.79467,-0.16884,0.066914,-0.0077604
0.071834,0.94951,-0.79697,-0.14006,0.07084,-0.0088031
0.075566,0.9239,-0.79774,-0.11266,0.074561,-0.0098087
0.079102,0.89812,-0.79704,-0.0866,0.078086,-0.010779
0.082451,0.87222,-0.79492,-0.061873,0.081425,-0.011714
0.085622,0.84623,-0.79143,-0.038452,0.084586,-0.012617
0.088622,0.82019,-0.78663,-0.016317,0.087575,-0.013489
0.091458,0.79411,-0.78058,0.0045602,0.090401,-0.014331
0.094138,0.76804,-0.77332,0.024204,0.093069,-0.015145
0.096667,0.742,-0.76492,0.042644,0.095588,-0.01593
0.099052,0.71602,-0.75544,0.059909,0.097962,-0.016689
0.1013,0.69014,-0.74492,0.07603,0.1002,-0.017423
0.10341,0.66436,-0.73343,0.091038,0.1023,-0.018131
0.1054,0.63872,-0.72102,0.10497,0.10428,-0.018816
0.10727,0.61325,-0.70776,0.11786,0.10613,-0.019478
0.10901,0.58796,-0.69369,0.12973,0.10787,-0.020117
0.11065,0.56288,-0.67888,0.14064,0.1095,-0.020735
0.11218,0.53802,-0.66339,0.15062,0.11101,-0.021331
0.1136,0.51341,-0.64727,0.15969,0.11243,-0.021907
0.11493,0.48908,-0.63058,0.16791,0.11375,-0.022462
0.11616,0.46502,-0.61338,0.17532,0.11497,-0.022998
0.1173,0.44128,-0.59573,0.18194,0.1161,-0.023515
0.11836,0.41785,-0.57768,0.18783,0.11714,-0.024013
0.11933,0.39477,-0.55929,0.19302,0.11811,-0.024493
0.12023,0.37205,-0.54063,0.19756,0.11899,-0.024955
0.12104,0.3497,-0.52175,0.20148,0.1198,-0.0254
0.12179,0.32774,-0.5027,0.20483,0.12053,-0.025827
0.12247,0.3062,-0.48354,0.20764,0.1212,-0.026238
0.12308,0.28507,-0.46432,0.20996,0.1218,-0.026633
0.12363,0.26439,-0.44511,0.21182,0.12234,-0.027013
0.12412,0.24416,-0.42596,0.21327,0.12282,-0.027377
0.12455,0.22441,-0.40691,0.21434,0.12324,-0.027727
0.12493,0.20513,-0.38802,0.21507,0.12361,-0.028063
0.12526,0.18636,-0.36933,0.21549,0.12393,-0.028385
0.12555,0.1681,-0.3509,0.21564,0.12421,-0.028694
0.12579,0.15036,-0.33277,0.21556,0.12444,-0.028991
0.12599,0.13316,-0.31498,0.21526,0.12463,-0.029277
0.12615,0.1165,-0.29757,0.2148,0.12478,-0.029551
0.12628,0.10041,-0.28059,0.21418,0.1249,-0.029815
0.12637,0.084887,-0.26406,0.21344,0.12498,-0.030069
0.12644,0.069943,-0.24802,0.2126,0.12504,-0.030314
0.12648,0.055587,-0.23251,0.21169,0.12507,-0.030551
0.12649,0.041826,-0.21754,0.21072,0.12507,-0.03078
0.12648,0.028669,-0.20315,0.20972,0.12505,-0.031002
0.12645,0.01612,-0.18936,0.2087,0.12501,-0.031218
0.1264,0.0041871,-0.17619,0.20768,0.12495,-0.031428
0.12634,-0.0071259,-0.16365,0.20667,0.12488,-0.031633
0.12627,-0.017814,-0.15176,0.20569,0.12479,-0.031833
0.12618,-0.027875,-0.14054,0.20473,0.1247,-0.032031
0.12608,-0.037304,-0.13,0.20382,0.12459,-0.032224
0.12598,-0.046099,-0.12015,0.20296,0.12448,-0.032416
0.12587,-0.054258,-0.11099,0.20216,0.12436,-0.032605
0.12576,-0.061779,-0.10253,0.20142,0.12424,-0.032793
0.12564,-0.06866,-0.094777,0.20074,0.12411,-0.032979
0.12553,-0.074901,-0.087739,0.20014,0.12398,-0.033166
0.12541,-0.080502,-0.081416,0.19961,0.12386,-0.033351
0.1253,-0.08546,-0.075811,0.19916,0.12373,-0.033537
0.12519,-0.089776,-0.070926,0.19879,0.12361,-0.033724
0.12508,-0.09345,-0.066763,0.19849,0.12349,-0.033911
0.12497,-0.096482,-0.063322,0.19828,0.12338,-0.034099
0.12487,-0.098871,-0.060604,0.19815,0.12327,-0.034289
0.12478,-0.10062,-0.05861,0.1981,0.12316,-0.03448
0.12469,-0.10172,-0.057339,0.19814,0.12307,-0.034672
0.12461,-0.10218,-0.056792,0.19826,0.12297,-0.034866
0.12453,-0.102,-0.056969,0.19846,0.12289,-0.035062
0.12446,-0.10118,-0.05787,0.19874,0.12281,-0.035259
0.1244,-0.099715,-0.059495,0.19911,0.12273,-0.035458
0.12434,-0.097608,-0.061843,0.19956,0.12267,-0.035659
0.12429,-0.094858,-0.064914,0.20009,0.1226,-0.035861
0.12424,-0.091466,-0.068709,0.20071,0.12255,-0.036064
0.1242,-0.087432,-0.073226,0.2014,0.12249,-0.036269
0.12416,-0.082755,-0.078465,0.20218,0.12245,-0.036474
0.12413,-0.077436,-0.084424,0.20304,0.1224,-0.036681
0.12409,-0.071476,-0.091103,0.20397,0.12236,-0.036888
0.12406,-0.064874,-0.098499,0.20498,0.12232,-0.037094
0.12403,-0.057632,-0.10661,0.20606,0.12228,-0.037301
0.124,-0.049749,-0.11543,0.20722,0.12224,-0.037507
0.12396,-0.041227,-0.12496,0.20844,0.12219,-0.037711
0.12393,-0.032068,-0.13519,0.20972,0.12214,-0.037914
0.12388,-0.022273,-0.14612,0.21106,0.12209,-0.038115
0.12383,-0.011844,-0.15773,0.21245,0.12202,-0.038313
0.12376,-0.00078374,-0.17002,0.21388,0.12195,-0.038508
0.12369,0.010905,-0.18297,0.21535,0.12186,-0.038698
0.1236,0.023217,-0.19658,0.21684,0.12177,-0.038885
0.1235,0.03615,-0.21082,0.21834,0.12165,-0.039066
0.12338,0.049698,-0.22568,0.21983,0.12152,-0.039241
0.12323,0.063855,-0.24113,0.22131,0.12137,-0.03941
0.12307,0.078615,-0.25716,0.22275,0.12119,-0.039572
0.12287,0.09397,-0.27374,0.22413,0.12099,-0.039726
0.12265,0.10991,-0.29084,0.22544,0.12076,-0.039871
0.1224,0.12644,-0.30843,0.22665,0.1205,-0.040007
0.12212,0.14353,-0.32648,0.22774,0.1202,-0.040133
0.1218,0.16118,-0.34494,0.22868,0.11987,-0.040248
0.12144,0.17938,-0.36379,0.22943,0.1195,-0.040352
0.12103,0.19811,-0.38297,0.22998,0.11909,-0.040444
0.12058,0.21737,-0.40244,0.23028,0.11863,-0.040524
0.12008,0.23714,-0.42216,0.2303,0.11812,-0.04059
0.11953,0.2574,-0.44208,0.23001,0.11756,-0.040643
0.11893,0.27815,-0.46214,0.22937,0.11695,-0.040681
0.11827,0.29936,-0.4823,0.22834,0.11627,-0.040704
0.11754,0.32103,-0.5025,0.22688,0.11554,-0.040712
0.11675,0.34313,-0.52268,0.22496,0.11474,-0.040704
0.11589,0.36566,-0.54279,0.22252,0.11387,-0.04068
0.11496,0.38859,-0.56276,0.21953,0.11293,-0.040639
0.11396,0.4119,-0.58255,0.21594,0.11192,-0.040582
0.11288,0.43559,-0.60209,0.21172,0.11083,-0.040507
0.11171,0.45963,-0.62132,0.20682,0.10965,-0.040414
0.11046,0.48401,-0.64018,0.20119,0.10839,-0.040303
0.10911,0.50871,-0.65861,0.1948,0.10704,-0.040173
0.10767,0.53371,-0.67656,0.1876,0.10559,-0.040025
0.10614,0.55899,-0.69395,0.17955,0.10404,-0.039857
0.10449,0.58453,-0.71074,0.1706,0.10239,-0.03967
0.10275,0.61032,-0.72686,0.16072,0.10063,-0.039462
0.10088,0.63633,-0.74225,0.14987,0.098765,-0.039234
0.098906,0.66254,-0.75685,0.138,0.096778,-0.038985
0.096805,0.68894,-0.7706,0.12508,0.094668,-0.038714
0.094577,0.71549,-0.78344,0.11107,0.092431,-0.038421
0.092215,0.74218,-0.79531,0.095936,0.090061,-0.038105
0.089714,0.76898,-0.80615,0.079633,0.087552,-0.037766
0.087068,0.79587,-0.8159,0.062132,0.084898,-0.037402
0.084272,0.82281,-0.82451,0.043399,0.082093,-0.037013
0.081318,0.84979,-0.8319,0.023402,0.079132,-0.036597
0.0782,0.87677,-0.83804,0.0021107,0.076006,-0.036154
0.074911,0.90371,-0.84284,-0.020505,0.072709,-0.035683
0.071444,0.93059,-0.84626,-0.044472,0.069234,-0.035181
0.06779,0.95738,-0.84824,-0.069817,0.065573,-0.034649
0.063943,0.98403,-0.84871,-0.096563,0.061718,-0.034084
0.059893,1.0105,-0.84763,-0.12473,0.05766,-0.033484
0.055631,1.0368,-0.84492,-0.15435,0.053391,-0.032849
0.051147,1.0628,-0.84054,-0.18543,0.0489,-0.032175
0.046432,1.0885,-0.83443,-0.218,0.044177,-0.031462
0.041474,1.1139,-0.82653,-0.25206,0.039212,-0.030708
0.03626,1.139,-0.81678,-0.28763,0.033991,-0.029909
0.030779,1.1636,-0.80513,-0.32473,0.028503,-0.029065
0.025014,1.1877,-0.79154,-0.36337,0.022731,-0.028172
0.018951,1.2114,-0.77594,-0.40354,0.01666,-0.027229
0.01257,1.2345,-0.75828,-0.44527,0.010273,-0.026234
0.0058531,1.2569,-0.73853,-0.48856,0.0035486,-0.025184
-0.0012236,1.2788,-0.71663,-0.53341,-0.0035352,-0.024076
-0.0086853,1.3,-0.69256,-0.57982,-0.011004,-0.02291
-0.016561,1.3204,-0.66626,-0.6278,-0.018887,-0.021682
-0.024884,1.3401,-0.63772,-0.67733,-0.027217,-0.020392
-0.033692,1.3591,-0.60691,-0.72841,-0.036032,-0.019037
-0.043028,1.3772,-0.57383,-0.78103,-0.045376,-0.017617
-0.052943,1.3945,-0.53849,-0.83516,-0.055298,-0.01613
-0.063491,1.411,-0.50091,-0.89078,-0.065854,-0.014576
-0.074738,1.4267,-0.46113,-0.94785,-0.077109,-0.012956
-0.086756,1.4416,-0.41924,-1.0063,-0.089135,-0.011271
-0.099625,1.4558,-0.37533,-1.0661,-0.10201,-0.0095223
-0.11343,1.4692,-0.32954,-1.1271,-0.11582,-0.0077141
-0.12826,1.482,-0.28207,-1.1893,-0.13066,-0.0058507
-0.1442,1.4943,-0.23313,-1.2524,-0.14661,-0.0039381
-0.16131,1.5062,-0.18299,-1.3163,-0.16373,-0.001984
-0.17964,1.5178,-0.13194,-1.3809,-0.18207,2.3988e-06
-0.19917,1.5292,-0.08028,-1.446,-0.20161,0.0020106
-0.2198,1.5405,-0.028308,-1.5114,-0.22225,0.0040288
-0.24133,1.5519,0.023724,-1.5768,-0.24379,0.0060447
-0.26347,1.5634,0.075605,-1.6422,-0.26594,0.0080461
-0.28582,1.575,0.12717,-1.7075,-0.2883,0.010021
-0.30799,1.5868,0.17829,-1.7725,-0.31048,0.011959
-0.32957,1.5989,0.22882,-1.837,-0.33207,0.013852
-0.35025,1.6112,0.2786,-1.9011,-0.35276,0.015691
-0.36983,1.6239,0.32741,-1.9645,-0.37235,0.01747
-0.38821,1.637,0.37504,-2.0272,-0.39074,0.019185
-0.40535,1.6506,0.42124,-2.0889,-0.40789,0.020832
-0.42131,1.6648,0.4658,-2.1495,-0.42386,0.02241
-0.43614,1.6798,0.50851,-2.2089,-0.4387,0.023915
-0.44993,1.6955,0.54921,-2.267,-0.4525,0.025349
-0.46277,1.712,0.58776,-2.3238,-0.46535,0.026712
-0.47476,1.7294,0.62408,-2.379,-0.47735,0.028005
-0.48596,1.7477,0.6581,-2.4328,-0.48856,0.029229
-0.49646,1.7668,0.68977,-2.4851,-0.49907,0.030386
-0.50631,1.7868,0.71908,-2.5357,-0.50893,0.031479
-0.51558,1.8076,0.74603,-2.5848,-0.5182,0.03251
-0.52431,1.8292,0.77062,-2.6323,-0.52694,0.033482
-0.53254,1.8516,0.79288,-2.6781,-0.53519,0.034398
-0.54032,1.8748,0.81283,-2.7224,-0.54297,0.03526
-0.54767,1.8986,0.83052,-2.765,-0.55033,0.036072
-0.55462,1.9231,0.84598,-2.806,-0.55729,0.036835
-0.5612,1.9483,0.85925,-2.8454,-0.56388,0.037554
-0.56744,1.9739,0.87038,-2.8832,-0.57013,0.03823
-0.57334,2.0001,0.87942,-2.9193,-0.57604,0.038867
-0.57893,2.0268,0.88642,-2.9538,-0.58164,0.039466
-0.58422,2.0539,0.89142,-2.9867,-0.58694,0.040031
-0.58924,2.0814,0.89449,-3.018,-0.59196,0.040563
-0.59398,2.1092,0.89568,-3.0477,-0.59672,0.041064
-0.59847,2.1373,0.89503,-3.0759,-0.60122,0.041537
-0.60272,2.1656,0.89261,-3.1024,-0.60547,0.041983
-0.60673,2.1942,0.88848,-3.1275,-0.60949,0.042405
-0.61052,2.2229,0.88268,-3.151,-0.61329,0.042803
-0.61409,2.2517,0.87528,-3.173,-0.61687,0.043179
-0.61746,2.2806,0.86633,-3.1935,-0.62025,0.043535
-0.62063,2.3096,0.85589,-3.2125,-0.62343,0.043871
-0.62362,2.3386,0.84402,-3.2301,-0.62643,0.044188
-0.62643,2.3676,0.83078,-3.2464,-0.62925,0.044488
-0.62906,2.3966,0.81623,-3.2612,-0.63189,0.044771
-0.63153,2.4255,0.80041,-3.2747,-0.63437,0.045038
-0.63384,2.4543,0.78341,-3.2869,-0.63669,0.04529
-0.636,2.483,0.76526,-3.2978,-0.63886,0.045526
-0.63801,2.5116,0.74604,-3.3075,-0.64089,0.045748
-0.63989,2.54,0.72581,-3.316,-0.64277,0.045955
-0.64163,2.5682,0.70461,-3.3233,-0.64452,0.046149
-0.64325,2.5963,0.68253,-3.3296,-0.64615,0.046328
-0.64474,2.6241,0.65962,-3.3348,-0.64765,0.046493
-0.64611,2.6517,0.63593,-3.3389,-0.64904,0.046645
-0.64738,2.679,0.61155,-3.3421,-0.65031,0.046783
-0.64853,2.7061,0.58653,-3.3443,-0.65148,0.046908
-0.64958,2.7329,0.56093,-3.3457,-0.65254,0.047019
-0.65053,2.7594,0.53483,-3.3462,-0.6535,0.047116
-0.65139,2.7855,0.5083,-3.346,-0.65437,0.047199
-0.65216,2.8113,0.4814,-3.345,-0.65515,0.047269
-0.65284,2.8368,0.4542,-3.3433,-0.65584,0.047325
-0.65343,2.8619,0.42677,-3.341,-0.65644,0.047368
-0.65395,2.8865,0.39918,-3.3382,-0.65697,0.047397
-0.65438,2.9108,0.37151,-3.3348,-0.65742,0.047413
-0.65475,2.9346,0.34383,-3.3309,-0.6578,0.047415
-0.65505,2.958,0.3162,-3.3266,-0.65811,0.047404
-0.65528,2.9809,0.2887,-3.322,-0.65835,0.047381
-0.65545,3.0033,0.26138,-3.317,-0.65853,0.047344
-0.65556,3.0251,0.23433,-3.3118,-0.65865,0.047296
-0.65561,3.0465,0.20759,-3.3063,-0.65872,0.047236
-0.65561,3.0673,0.18124,-3.3007,-0.65873,0.047164
-0.65557,3.0875,0.15532,-3.2949,-0.6587,0.047081
-0.65547,3.1072,0.12988,-3.289,-0.65862,0.046988
-0.65534,3.1263,0.10498,-3.283,-0.65849,0.046886
-0.65517,3.1447,0.080645,-3.277,-0.65833,0.046774
-0.65496,3.1626,0.056926,-3.271,-0.65814,0.046653
-0.65472,3.1798,0.03385,-3.2649,-0.65791,0.046525
-0.65445,3.1965,0.011444,-3.259,-0.65765,0.04639
-0.65416,3.2124,-0.010271,-3.253,-0.65737,0.046248
-0.65384,3.2278,-0.031276,-3.2471,-0.65706,0.046101
-0.6535,3.2425,-0.05156,-3.2413,-0.65674,0.045948
-0.65315,3.2565,-0.071113,-3.2356,-0.65639,0.045791
-0.65278,3.2699,-0.08993,-3.23,-0.65604,0.04563
-0.6524,3.2827,-0.10801,-3.2244,-0.65567,0.045466
-0.65201,3.2948,-0.12535,-3.219,-0.65529,0.0453
-0.65161,3.3063,-0.14196,-3.2136,-0.65491,0.045131
-0.65121,3.3171,-0.15785,-3.2083,-0.65452,0.044961
-0.65081,3.3273,-0.17301,-3.2031,-0.65413,0.04479
-0.6504,3.3368,-0.18746,-3.1979,-0.65373,0.044619
-0.65,3.3458,-0.20122,-3.1929,-0.65334,0.044447
-0.6496,3.3541,-0.21428,-3.1879,-0.65296,0.044276
-0.6492,3.3617,-0.22666,-3.1829,-0.65257,0.044105
-0.64882,3.3688,-0.23838,-3.178,-0.6522,0.043936
-0.64844,3.3752,-0.24943,-3.1732,-0.65183,0.043767
-0.64806,3.381,-0.25985,-3.1683,-0.65147,0.043601
-0.6477,3.3862,-0.26963,-3.1635,-0.65112,0.043436
-0.64735,3.3909,-0.27878,-3.1588,-0.65078,0.043273
-0.64701,3.3949,-0.28732,-3.154,-0.65045,0.043112
-0.64669,3.3983,-0.29526,-3.1492,-0.65014,0.042954
-0.64637,3.4011,-0.3026,-3.1445,-0.64984,0.042799
-0.64608,3.4033,-0.30934,-3.1397,-0.64955,0.042646
-0.64579,3.4049,-0.31551,-3.135,-0.64928,0.042495
-0.64552,3.4059,-0.3211,-3.1302,-0.64902,0.042348
-0.64527,3.4064,-0.32611,-3.1255,-0.64878,0.042203
-0.64503,3.4062,-0.33056,-3.1207,-0.64855,0.042062
-0.64481,3.4055,-0.33443,-3.1158,-0.64834,0.041923
-0.6446,3.4041,-0.33774,-3.111,-0.64815,0.041787
-0.64441,3.4022,-0.34048,-3.1062,-0.64797,0.041654
-0.64423,3.3997,-0.34265,-3.1013,-0.6478,0.041523
-0.64407,3.3966,-0.34425,-3.0964,-0.64765,0.041396
-0.64392,3.3929,-0.34528,-3.0916,-0.64752,0.041271
-0.64379,3.3886,-0.34572,-3.0867,-0.64739,0.041148
-0.64367,3.3838,-0.34558,-3.0818,-0.64728,0.041028
-0.64356,3.3783,-0.34484,-3.0769,-0.64719,0.040911
-0.64346,3.3722,-0.34351,-3.072,-0.6471,0.040795
-0.64337,3.3655,-0.34156,-3.0671,-0.64703,0.040681
-0.6433,3.3582,-0.33899,-3.0622,-0.64696,0.040569
-0.64323,3.3503,-0.33579,-3.0574,-0.64691,0.040458
-0.64317,3.3418,-0.33194,-3.0525,-0.64686,0.040348
-0.64311,3.3327,-0.32744,-3.0478,-0.64681,0.04024
-0.64306,3.3229,-0.32226,-3.043,-0.64677,0.040131
-0.64301,3.3126,-0.31639,-3.0384,-0.64673,0.040024
-0.64296,3.3015,-0.30982,-3.0338,-0.6467,0.039916
-0.64291,3.2899,-0.30252,-3.0293,-0.64666,0.039807
-0.64286,3.2776,-0.29449,-3.0249,-0.64662,0.039698
-0.6428,3.2646,-0.2857,-3.0206,-0.64657,0.039588
-0.64273,3.251,-0.27614,-3.0164,-0.64652,0.039476
-0.64266,3.2368,-0.26579,-3.0123,-0.64645,0.039361
-0.64257,3.2219,-0.25463,-3.0084,-0.64637,0.039244
-0.64246,3.2063,-0.24264,-3.0046,-0.64628,0.039123
-0.64234,3.19,-0.22981,-3.001,-0.64617,0.038998
-0.64219,3.1731,-0.21613,-2.9976,-0.64604,0.038869
-0.64202,3.1554,-0.20158,-2.9943,-0.64588,0.038734
-0.64183,3.1371,-0.18615,-2.9913,-0.64569,0.038594
-0.6416,3.1181,-0.16982,-2.9884,-0.64548,0.038446
-0.64133,3.0984,-0.15261,-2.9857,-0.64522,0.03829
-0.64102,3.078,-0.13449,-2.9832,-0.64493,0.038126
-0.64067,3.0569,-0.11547,-2.9809,-0.64459,0.037953
-0.64027,3.0352,-0.095557,-2.9788,-0.6442,0.037768
-0.63982,3.0127,-0.074764,-2.9768,-0.64376,0.037572
-0.63931,2.9896,-0.053105,-2.975,-0.64326,0.037364
-0.63873,2.9657,-0.030604,-2.9734,-0.6427,0.037141
-0.63809,2.9412,-0.0072912,-2.9719,-0.64206,0.036904
-0.63737,2.9161,0.016796,-2.9705,-0.64135,0.036651
